name,git,cloned
h-m-m,https://github.com/nadrad/h-m-m,False
ipcalc,https://github.com/kjokjo/ipcalc,False
PSSH,https://github.com/lilydjwg/pssh,False
rtop,https://github.com/rapidloop/rtop,False
geoiplookup,https://github.com/maxmind/geoip-api-c,False
quickserve,https://github.com/charliesome/quickserve,False
ack,https://github.com/beyondgrep/ack3,False
ag,https://github.com/ggreer/the_silver_searcher,False
paragrep,https://github.com/bmc/paragrep,False
sift,https://github.com/svent/sift,False
ccat,https://github.com/jingweno/ccat,False
fzf,https://github.com/junegunn/fzf,False
grc,https://github.com/pengwynn/grc,False
jq,https://github.com/stedolan/jq,False
percol,https://github.com/mooz/percol,False
pick,https://github.com/calleerlandsson/pick,False
q,https://github.com/harelba/q,False
FIGlet,https://github.com/cmatsuoka/figlet,False
toilet,https://github.com/cacalabs/toilet,False
Emacs,http://git.savannah.gnu.org/cgit/emacs.git/,False
jed,https://github.com/jedsoft/jed,False
joe,https://sourceforge.net/projects/joe-editor/,False
nano,https://git.savannah.gnu.org/cgit/nano.git/log/,False
micro,https://github.com/zyedidia/micro/,False
neovim,https://github.com/neovim/neovim,False
slap,https://github.com/slap-editor/slap,False
vai,https://github.com/stefanoborini/vai,False
vim,https://github.com/vim/vim,False
vis,https://github.com/martanne/vis,False
WordGrinder,https://github.com/davidgiven/wordgrinder,False
byobu,https://github.com/dustinkirkland/byobu,False
screen,https://git.savannah.gnu.org/cgit/screen.git,False
Tmate,https://github.com/tmate-io/tmate,False
tmux,https://github.com/tmux/tmux,False
warp,https://github.com/spolu/warp,False
bpytop,https://github.com/aristocratos/bpytop,False
cv,https://github.com/Xfennec/progress,False
glances,https://github.com/nicolargo/glances,False
GoTTY,https://github.com/yudai/gotty,False
inxi,https://github.com/smxi/inxi,False
iotop,https://repo.or.cz/w/iotop.git,False
htop,https://github.com/htop-dev/htop,False
multitail,https://github.com/folkertvanheusden/multitail,False
ngrep,https://github.com/jpr5/ngrep/,False
progress,https://github.com/Xfennec/progress,False
powertop,https://github.com/fenrus75/powertop,False
sysdig,https://github.com/draios/sysdig,False
smem,https://selenic.com/repo/smem,False
top,,False
watch,,False
wtf,https://github.com/wtfutil/wtf,False
Bash,https://git.savannah.gnu.org/cgit/bash.git,False
Fish,https://github.com/fish-shell/fish-shell,False
Zsh,https://sourceforge.net/p/zsh/code/ci/master/tree/,False
conspy,https://sourceforge.net/p/conspy/code/ci/default/tree/,False
lshw,https://ezix.org/src/pkg/lshw,False
Ntfy,https://github.com/dschep/ntfy,False
task-spooler,,False
ttyload,https://github.com/lindes/ttyload,False
hstr,https://github.com/dvorka/hstr,False
parallel,https://git.savannah.gnu.org/cgit/parallel.git,False
cipher,https://github.com/ash-shell/cipher,False
hashcat,https://github.com/hashcat/hashcat,False
encfs,https://github.com/vgough/encfs,False
LUKS,https://github.com/guardianproject/luks/wiki,False
safe.sh,https://github.com/windowsrefund/safe,False
titan,https://github.com/nrosvall/ylva,False
trino,https://github.com/eneserdogan/trino,False
Teapot,,False
sc-im,https://github.com/andmarti1424/sc-im,False
tpp,https://github.com/Kerrick/tpp,False
gcalcli,https://github.com/insanum/gcalcli,False
khal,https://github.com/pimutils/khal,False
ppl addressbook,https://github.com/henrycatalinismith/ppl,False
kb,https://github.com/gnebbia/kb,False
khard,https://github.com/lucc/khard,False
iKog,https://github.com/boyska/ikog,False
Yokadi,https://github.com/agateau/yokadi,False
Org mode,https://git.savannah.gnu.org/cgit/emacs/org-mode.git,False
pal,https://sourceforge.net/p/palcal/code/HEAD/tree/,False
Remind,https://git.skoll.ca/Skollsoft-Public/Remind,False
TaskWarrior,https://github.com/GothenburgBitFactory/taskwarrior,False
todo.txt,https://github.com/todotxt/todo.txt-cli,False
todolist,,False
TuDu,https://github.com/meskio/tudu,False
Wyrd,https://gitlab.com/wyrd-calendar/wyrd,False
arbtt,https://github.com/nomeata/arbtt,False
ledger,https://github.com/ledger/ledger,False
Qalculate,https://github.com/Qalculate/libqalculate,False
Translate Shell,https://github.com/soimort/translate-shell,False
cacaview,https://github.com/cacalabs/libcaca,False
glow,https://github.com/charmbracelet/glow,False
feh,https://git.finalrewind.org/feh,False
Terminal Markdown Viewer,https://github.com/axiros/terminal_markdown_viewer,False
mplayer,,False
mpv,https://github.com/mpv-player/mpv/,False
ncmpcpp,https://github.com/ncmpcpp/ncmpcpp,False
espeak,https://sourceforge.net/p/espeak/code/HEAD/tree/,False
Alsamixer,https://github.com/alsa-project,False
cmus,https://github.com/cmus/cmus,False
MOC,,False
mpg123,https://sourceforge.net/projects/mpg123/,False
mps-youtube,https://github.com/mps-youtube/mps-youtube,False
ogg123,https://gitlab.xiph.org/xiph,False
ImageMagick,https://github.com/ImageMagick/ImageMagick,False
scrot,https://github.com/dreamer/scrot,False
git,https://github.com/git/git,False
git-annex,http://source.git-annex.branchable.com/?p=source.git,False
git-stats,https://github.com/IonicaBizau/git-stats,False
Mercurial,https://www.mercurial-scm.org/repo/hg,False
tig,https://github.com/jonas/tig,False
sshfs,https://github.com/libfuse/sshfs,False
TMSU,https://github.com/oniony/TMSU,False
lfm,,False
Midnight Commander,https://github.com/MidnightCommander/mc,False
ncursesFM,https://github.com/FedeDP/ncursesFM,False
ranger,https://github.com/ranger/ranger,False
vifm,https://github.com/vifm/vifm,False
catdoc,http://www.wagner.pp.ru/gitweb/?p=oss/catdoc.git,False
Pandoc,https://github.com/jgm/pandoc,False
xls2csv,http://www.wagner.pp.ru/gitweb/?p=oss/catdoc.git,False
borg,https://github.com/borgbackup,False
duplicity,https://gitlab.com/duplicity/duplicity,False
Duply,https://sourceforge.net/projects/ftplicity/,False
paperbackup,https://github.com/intra2net/paperbackup,False
rclone,https://github.com/rclone/rclone,False
Unison,https://github.com/bcpierce00/unison,False
Zaloha.sh,https://github.com/Fitus/Zaloha.sh,False
cdu,,False
dfc,https://github.com/rolinh/dfc,False
ncdu,https://code.blicky.net/yorhel/ncdu/,False
classifier,https://github.com/bhrigu123/classifier,False
detox,https://sourceforge.net/projects/detox/,False
dtrx,https://github.com/dtrx-py/dtrx,False
exa,https://github.com/ogham/exa,False
lsd,https://github.com/Peltoche/lsd,False
fasd,https://github.com/clvv/fasd,False
fd,https://github.com/sharkdp/fd,False
rename,,False
renameutils,,False
rmlint,https://github.com/sahib/rmlint/,False
gcp,https://github.com/petronny/gcp,False
nnn,https://github.com/jarun/nnn,False
PathPicker,https://github.com/facebook/pathpicker/,False
tree,https://gitlab.com/OldManProgrammer/unix-tree,False
asciicquarium,https://github.com/rgoring/asciiquarium,False
cmatrix,https://github.com/abishekvashok/cmatrix,False
cowsay,https://github.com/tnalpgge/rank-amateur-cowsay,False
cowthink,https://github.com/tnalpgge/rank-amateur-cowsay,False
fortune,https://github.com/bmc/fortune,False
Steam Locomotive,https://github.com/mtoyoda/sl,False
ternimal,https://github.com/p-e-w/ternimal,False
StarWars vision,,False
bastet,https://github.com/fph/bastet/,False
Cataclysm: Dark Days Ahead,https://github.com/CleverRaven/Cataclysm-DDA,False
Dwarf fortress,,False
freesweep,,False
Nethack,https://github.com/NetHack/NetHack,False
Oldrunner,https://github.com/culot/oldrunner,False
Slash'EM,https://sourceforge.net/projects/slashem/,False
Typespeed,https://sourceforge.net/projects/typespeed/,False
Hugo,https://github.com/gohugoio/hugo,False
Metalsmith,https://github.com/metalsmith/metalsmith,False
nanoc,https://github.com/nanoc/nanoc,False
siege,https://github.com/JoeDog/siege,False
Tsung,https://github.com/processone/tsung,False
Links,,False
Elinks,https://repo.or.cz/w/elinks.git,False
Lynx,,False
w3m,https://sourceforge.net/projects/w3m/,False
Newsbeuter,,False
alpine,,False
alot,https://github.com/pazz/alot,False
mbsync,,False
Mutt,https://gitlab.com/muttmua/mutt,False
sup,https://github.com/sup-heliotrope/sup,False
aria2,https://github.com/aria2/aria2,False
croc,https://github.com/schollz/croc,False
curl,https://github.com/curl/curl,False
Deluge,https://git.deluge-torrent.org/deluge,False
lftp,https://github.com/lavv17/lftp,False
Magic Wormhole,https://github.com/warner/magic-wormhole,False
OnionShare,https://github.com/onionshare/onionshare,False
qrcp,https://github.com/claudiodangelis/qrcp,False
rsync,https://github.com/WayneD/rsync,False
sitecopy,,False
stftp,https://sourceforge.net/projects/stftp/,False
Woof,https://github.com/simon-budig/woof/,False
youtube-dl,http://rg3.github.io/youtube-dl/,False
finch,,False
irssi,https://github.com/irssi/irssi,False
RainbowStream,,False
WeeChat,https://github.com/weechat/weechat,False
ssh-chat,https://github.com/shazow/ssh-chat,False
goobook,https://gitlab.com/goobook/goobook,False
dasht,https://github.com/sunaku/dasht,False
arch-wiki,https://github.com/deadhead420/arch-wiki,False
googler,https://github.com/jarun/googler,False
lolcat,https://github.com/busyloop/lolcat,False
neofetch,https://github.com/dylanaraps/neofetch,False
pdd,https://github.com/jarun/pdd,False
powerline,https://github.com/powerline/powerline,False
socli,https://github.com/gautamkrishnar/socli,False
termsaver,,False
dateutils,https://github.com/hroptatyr/dateutils,False
VisiData,https://github.com/saulpw/visidata,False
csvkit,https://github.com/wireservice/csvkit,False
gdb-dashboard,https://github.com/cyrus-and/gdb-dashboard,False
hide,https://github.com/whatl3y/hide,False
gopass,https://github.com/gopasspw/gopass,False
pass,https://git.zx2c4.com/password-store/,False
dpg,https://github.com/62726164/dpg,False
yt-splitter,https://github.com/redsolver/yt-splitter,False
bupstash,https://github.com/andrewchambers/bupstash,False
zoxide,https://github.com/ajeetdsouza/zoxide,False
TerminalImageViewer,https://github.com/stefanhaustein/TerminalImageViewer,False
whowatch,,False
dijo,https://github.com/NerdyPepper/dijo,False
cadmus,https://github.com/RyanGreenup/cadmus,False
twf,https://github.com/wvanlint/twf,False
delta,https://github.com/dandavison/delta,False
chafa,https://github.com/hpjansson/chafa,False
youtube-viewer,https://github.com/trizen/youtube-viewer,False
posce,https://github.com/posce/posce,False
dutree,https://github.com/nachoparker/dutree,False
ydiff,https://github.com/ymattw/ydiff,False
kpcli,https://sourceforge.net/projects/kpcli/,False
GNU Recutils,,False
terminal_board_games,https://github.com/salt-die/terminally_bored_terminal_board_games,False
minesweeper,https://github.com/gazpachoking/minesweeper,False
Terminal Phase,https://gitlab.com/dustyweb/terminal-phase,False
broot,https://github.com/Canop/broot,False
Nota,https://github.com/pouyakary/Nota,False
vy,https://github.com/vyapp/vy,False
pire,https://github.com/johannestaas/pire,False
Graphene,https://github.com/atsepkov/Graphene,False
navi,https://github.com/denisidoro/navi,False
TSV Utilities,https://github.com/eBay/tsv-utils,False
pastel,https://github.com/sharkdp/pastel,False
asciinema,https://github.com/asciinema/asciinema,False
alder,https://github.com/aweary/alder,False
diff-so-fancy,https://github.com/so-fancy/diff-so-fancy,False
ripgrep-all,https://github.com/phiresky/ripgrep-all,False
ripgrep,https://github.com/BurntSushi/ripgrep,False
pmenu,https://github.com/sgtpep/pmenu,False
eon,https://github.com/tomas/eon,False
datadash,https://github.com/keithknott26/datadash,False
Mp3blaster,https://sourceforge.net/projects/mp3blaster/,False
jqview,https://github.com/fiatjaf/jqview,False
ytmdl,https://github.com/deepjyoti30/ytmdl,False
sha256-animation,https://github.com/in3rsha/sha256-animation,False
cli-arxiv,https://github.com/knguyenanhoa/cli-arxiv,False
mdBook,https://github.com/rust-lang/mdBook,False
SpicyPass,https://github.com/JFreegman/SpicyPass,False
jc,https://github.com/kellyjonbrazil/jc,False
muCLIar,https://github.com/aayush1205/muCLIar,False
translate-shell,https://github.com/soimort/translate-shell,False
wikit,https://github.com/KorySchneider/wikit,False
mitmproxy,https://github.com/mitmproxy/mitmproxy,False
yt-audio,https://github.com/pseudoroot/yt-audio,False
Language-games,https://github.com/Hellisotherpeople/Language-games,False
xsv,,False
bandwhich,https://github.com/imsnif/bandwhich,False
dmidecode,http://git.savannah.gnu.org/cgit/dmidecode.git/,False
forgit,https://github.com/wfxr/forgit,False
scholarref,https://src.adamsgaard.dk/scholarref/,False
crappybird-py,https://github.com/JonPizza/crappybird-py,False
conrad,https://github.com/vinayak-mehta/conrad,False
dn,https://github.com/tomlockwood/dn,False
onefetch,https://github.com/o2sh/onefetch,False
jtc,https://github.com/ldn-softdev/jtc,False
NeoMutt,https://github.com/neomutt/neomutt,False
kmdr-cli,https://github.com/ediardo/kmdr-cli#supported-programs,False
Starship,https://github.com/starship/starship,False
todotxt-machine,https://github.com/AnthonyDiGirolamo/todotxt-machine,False
usolitaire,https://github.com/eliasdorneles/usolitaire,False
rnr,https://github.com/bugnano/rnr,False
cbonsai,https://gitlab.com/jallbrit/cbonsai,False
Dolt,https://github.com/dolthub/dolt,False
ytfzf,https://github.com/pystardust/ytfzf,False
Graphtage,https://github.com/trailofbits/graphtage,False
duf,https://github.com/muesli/duf,False
tuxi,https://github.com/Bugswriter/tuxi,False
Siren,https://www.kariliq.nl/git/siren/,False
Ticker,https://github.com/achannarasappa/ticker,False
xh,https://github.com/ducaale/xh,False
git-peek,https://github.com/Jarred-Sumner/git-peek,False
vizex,https://github.com/bexxmodd/vizex,False
gdu,https://github.com/dundee/gdu,False
kord,https://github.com/synestematic/kord,False
imgcat,https://github.com/trashhalo/imgcat,False
bib.awk,https://github.com/huijunchen9260/bib.awk,False
rr,https://github.com/rr-debugger/rr,False
nbterm,https://github.com/davidbrochart/nbterm,False
qr-filetransfer,https://github.com/sdushantha/qr-filetransfer,False
element,https://github.com/gennaro-tedesco/element,False
termv,https://github.com/Roshan-R/termv,False
rofi,https://github.com/davatorium/rofi,False
F2,https://github.com/ayoisaiah/f2,False
grit,https://github.com/climech/grit,False
dstask,https://github.com/naggie/dstask,False
wutag,https://github.com/wojciechkepka/wutag,False
xplr,https://github.com/sayanarijit/xplr,False
eg,https://github.com/srsudar/eg,False
mdt,https://github.com/robolab-pavia/mdt,False
buku,https://github.com/jarun/buku,False
imgp,https://github.com/jarun/imgp,False
zbackup,https://github.com/zbackup/zbackup,False
Transmission,https://github.com/transmission/transmission,False
rtorrent,https://github.com/rakshasa/rtorrent,False
dtach,https://github.com/crigler/dtach,False
vidir,https://github.com/trapd00r/vidir,False
Firejail,https://github.com/netblue30/firejail,False
Kakoune,https://github.com/mawww/kakoune,False
ddgr,https://github.com/jarun/ddgr,False
chs,https://github.com/nickzuber/chs,False
clifm,https://github.com/leo-arch/clifm,False
nmail,https://github.com/d99kris/nmail,False
matterhorn,https://github.com/matterhorn-chat/matterhorn,False
calcurse,https://git.calcurse.org/calcurse.git/,False
castero,https://github.com/xgi/castero,False
GnuPG,https://dev.gnupg.org/source/gnupg/repository/master/,False
tiny,https://github.com/osa1/tiny,False
Standard Unix Notes,https://github.com/Standard-Unix-Notes/unix-notes,False
below,https://github.com/facebookincubator/below,False
lfs,https://github.com/Canop/lfs,False
ain,https://github.com/jonaslu/ain,False
BaFi,https://github.com/mmalcek/bafi,False
hck,https://github.com/sstadick/hck,False
gitui,https://github.com/extrawurst/gitui,False
rpg-cli,https://github.com/facundoolano/rpg-cli,False
dua,https://github.com/Byron/dua-cli,False
jnrl,https://github.com/maebert/jrnl,False
tabview,https://github.com/TabViewer/tabview,False
Bazaar,,False
grv,https://github.com/rgburke/grv,False
fossil,https://github.com/drhsqlite/fossil-mirror,False
Diakonos,https://github.com/Pistos/diakonos,False
yank,https://github.com/mptre/yank,False
mtm,https://github.com/deadpixi/mtm,False
sd,https://github.com/chmln/sd,False
Watson,https://github.com/TailorDev/Watson,False
WOPR,https://github.com/yaronn/wopr,False
Angband,https://github.com/angband/angband,False
grex,https://github.com/pemistahl/grex,False
Amfora,https://github.com/makeworld-the-better-one/amfora,False
Bombadillo,https://tildegit.org/sloum/Bombadillo,False
pycp,https://github.com/dmerejkowsky/pycp,False
bcal,https://github.com/jarun/bcal,False
cpass,https://github.com/OliverLew/cpass,False
Dust,https://github.com/bootandy/dust,False
ash,https://github.com/akashnag/ash,False
gee,https://github.com/human37/gee,False
cobib,https://gitlab.com/mrossinek/cobib,False
doppelganger,https://github.com/witchard/doppelganger,False
screenFetch,https://github.com/KittyKatt/screenFetch,False
inklayers,https://github.com/toolleeo/inklayers,False
pvcheck,https://github.com/claudio-unipv/pvcheck,False
Jmp,https://github.com/gholmes829/Jmp,False
llama,https://github.com/antonmedv/llama,False
Gitea,https://github.com/go-gitea/gitea,False
Soft Serve,https://github.com/charmbracelet/soft-serve,False
deadlink,https://github.com/nschloe/deadlink,False
SmartCd,https://github.com/CodesOfRishi/smartcd,False
mx,https://gitlab.com/lpireyn/mx,False
Bartib,https://github.com/nikolassv/bartib,False
gdir,https://github.com/pafoster/gdir,False
Mycorrhiza Wiki,https://github.com/bouncepaw/mycorrhiza,False
ov,https://github.com/noborus/ov,False
fastmod,https://github.com/facebookincubator/fastmod,False
watchexec,https://github.com/watchexec/watchexec,False
yq,https://github.com/mikefarah/yq,False
squeeze,https://github.com/aymericbeaumet/squeeze,False
amber,https://github.com/dalance/amber,False
mmv,https://github.com/itchyny/mmv,False
linkchecker,https://github.com/linkchecker/linkchecker,False
brok,https://github.com/smallhadroncollider/brok,False
chars,https://github.com/antifuchs/chars,False
diskus,https://github.com/sharkdp/diskus,False
dtool,https://github.com/guoxbin/dtool,False
viu,https://github.com/learn-anything/command-line-tools,False
tealdeer,https://github.com/dbrgn/tealdeer,False
xcp,https://github.com/tarka/xcp,False
pazi,https://github.com/euank/pazi,False
hunter,https://github.com/rabite0/hunter,False
ytop,https://github.com/cjbassi/ytop,False
noti,https://github.com/variadico/noti,False
cowyo,https://github.com/schollz/cowyo,False
docker,https://github.com/docker/docs,False
friendly-find,https://github.com/sjl/friendly-find,False
fzy,https://github.com/jhawthorn/fzy,False
GraphicsMagick,https://sourceforge.net/projects/graphicsmagick/,False
hexyl,https://github.com/sharkdp/hexyl,False
temci,https://github.com/parttimenerd/temci,False
just,https://github.com/casey/just,False
license-up,https://github.com/nikitavoloboev/license-up,False
mackup,https://github.com/lra/mackup,False
massren,https://github.com/laurent22/massren,False
scons,https://github.com/SCons/scons,False
skim,https://github.com/lotabout/skim,False
snallygaster,https://github.com/hannob/snallygaster,False
svgcleaner,https://github.com/RazrFalcon/svgcleaner,False
wifi-password,https://github.com/rauchg/wifi-password,False
habitctl,https://github.com/blinry/habitctl,False
kickstart,https://github.com/Keats/kickstart,False
nomino,https://github.com/yaa110/nomino,False
luneta,https://github.com/fbeline/luneta,False
jiq,https://github.com/fiatjaf/jiq,False
sad,https://github.com/ms-jpq/sad,False
wfh,https://github.com/kzys/wfh,False
teip,https://github.com/greymd/teip,False
espanso,https://github.com/federico-terzi/espanso,False
huniq,https://github.com/koraa/huniq,False
nat,https://github.com/willdoescode/nat,False
csvq,https://github.com/mithrandie/csvq,False
FClones,https://github.com/pkolaczk/fclones,False
dasel,https://github.com/TomWright/dasel,False
Proji,https://github.com/nikoksr/proji,False
pbgopy,https://github.com/nakabonne/pbgopy,False
gnuplot,https://github.com/idank/explainshell,False
conan,https://github.com/mirage/conan,False
Difftastic,https://github.com/Wilfred/difftastic,False
Gaze,https://github.com/wtetsu/gaze,False
todocheck,https://github.com/preslavmihaylov/todocheck,False
s,https://github.com/zquestz/s,False
anew,https://github.com/tomnomnom/anew,False
TV,https://github.com/alexhallam/tv,False
hors,https://github.com/WindSoilder/hors,False
Viddy,https://github.com/sachaos/viddy,False
kalk,https://github.com/PaddiM8/kalk,False
so,https://github.com/samtay/so,False
sq,https://github.com/neilotoole/sq,False
rip,https://github.com/nivekuil/rip,False
vgrep,https://github.com/vrothberg/vgrep,False
urlhunter,https://github.com/utkusen/urlhunter,False
lychee,https://github.com/lycheeverse/lychee,False
Rustcat,https://github.com/robiot/rustcat,False
ponysay,https://github.com/erkin/ponysay,False
yosay,https://github.com/yeoman/yosay,False
cli-mandelbrot,https://github.com/danyshaanan/cli-mandelbrot,False
cli-fireplace,https://github.com/dolsup/cli-fireplace,False
givegif,https://github.com/passy/givegif,False
git-extras,https://github.com/tj/git-extras,False
Gistup,https://github.com/mbostock/gistup,False
ll,https://github.com/antonmedv/ll,False
fx,https://github.com/antonmedv/fx,False
speedtest-net,https://github.com/ddsol/speedtest.net,False
shallow-backup,https://github.com/alichtman/shallow-backup,False
mdp,https://github.com/visit1985/mdp,False
sent,https://git.suckless.org/sent/log.html,False
eureka,https://github.com/simeg/eureka,False
taskell,https://github.com/smallhadroncollider/taskell,False
taskbook,https://github.com/klaussinani/taskbook,False
papis,https://github.com/alejandrogallo/papis,False
tuir,https://gitlab.com/ajak/tuir,False
xxh,https://github.com/xxh/xxh,False
browsh,https://github.com/browsh-org/browsh,False
jless,https://github.com/PaulJuliusMartinez/jless,False
bat,https://github.com/sharkdp/bat,False
osmf,https://github.com/codesoap/osmf,False
haxor-news,https://github.com/donnemartin/haxor-news,False
texel,https://github.com/Lauriat/texel,False
gambit,https://github.com/maaslalani/gambit,False
bin,https://github.com/marcosnils/bin,False
stew,https://github.com/marwanhawari/stew,False
clidle,https://github.com/ajeetdsouza/clidle,False
CLI-Manager,https://github.com/MikyStar/CLI-Manager,False
wordle-curses,https://github.com/knosmos/wordle-curses,False
termishare,https://github.com/qnkhuat/termishare,False
ictree,https://github.com/NikitaIvanovV/ictree,False
Quoter,https://github.com/frossm/quoter,False
nala,https://gitlab.com/volian/nala,False
terminordle,https://github.com/HP4k1h5/terminordle,False
gh-s,https://github.com/gennaro-tedesco/gh-s,False
gh-f,https://github.com/gennaro-tedesco/gh-f,False
stargazer,https://github.com/gennaro-tedesco/stargazer,False
http-tanker,https://github.com/PierreKieffer/http-tanker,False
Bevel,https://github.com/NorfairKing/bevel,False
zq,https://github.com/brimdata/zed,False
Mabel,https://github.com/smmr-software/mabel,False
tuc,https://github.com/riquito/tuc,False
sku,https://github.com/fedeztk/sku,False
fasttyper,https://github.com/ickyicky/fasttyper,False
GameShell,https://github.com/phyver/GameShell,False
Lotus 1-2-3 for Linux,https://github.com/taviso/123elf#lotus-1-2-3-for-linux,False
addrb,https://github.com/mrusme/addrb,False
atuin,https://github.com/ellie/atuin,False
Artem,https://github.com/FineFindus/artem,False
thokr,https://github.com/thatvegandev/thokr,False
socialscan,https://github.com/iojw/socialscan,False
termusic,https://github.com/tramhao/termusic,False
cointop,https://github.com/cointop-sh/cointop,False
pulsemixer,https://github.com/GeorgeFilipkin/pulsemixer,False
fastdiract,https://github.com/dp12/fastdiract,False
inventory,https://github.com/mothdotmonster/inventory,False
Draw,https://github.com/maaslalani/draw,False
toipe,https://github.com/Samyak2/toipe,False
bore,https://github.com/ekzhang/bore,False
zee,https://github.com/zee-editor/zee,False
watcher,https://github.com/sethigeet/watcher,False
RecoverPy,https://github.com/PabloLec/RecoverPy,False
file-type-cli,https://github.com/sindresorhus/file-type-cli,False
trash-cli,https://github.com/sindresorhus/trash-cli,False
Ultimate Plumber,https://github.com/akavel/up,False
fkill-cli,https://github.com/sindresorhus/fkill-cli,False
has,https://github.com/kdabir/has,False
brightnessctl,https://github.com/Hummer12007/brightnessctl,False
sncli,https://github.com/insanum/sncli,False
dnote,https://github.com/dnote/dnote,False
Geeknote,https://github.com/jeffkowalski/geeknote,False
Terminal velocity,https://github.com/vhp/terminal_velocity,False
Pubs,https://github.com/pubs/pubs,False
IRedis,https://github.com/laixintao/iredis,False
mycli,https://github.com/dbcli/mycli,False
pgcli,https://github.com/dbcli/pgcli,False
usql,https://github.com/xo/usql,False
Instant Music Downloader,https://github.com/yask123/Instant-Music-Downloader,False
Spotify TUI,https://github.com/Rigellute/spotify-tui,False
dzr,https://github.com/yne/dzr,False
beets,https://github.com/beetbox/beets,False
musikcube,https://github.com/clangen/musikcube,False
Editly,https://github.com/mifi/editly,False
ffmpeg,https://github.com/FFmpeg/FFmpeg,False
Taskell,https://github.com/smallhadroncollider/taskell,False
xonsh,https://github.com/xonsh/xonsh,False
hledger,https://github.com/simonmichael/hledger,False
fzf-git.sh,https://github.com/junegunn/fzf-git.sh,False
simtex,https://github.com/iaacornus/simtex,False
ff,https://github.com/akymos/ff,False
othello-cli,https://github.com/LelsersLasers/othello-cli,False
paycon,https://github.com/arcorion/paycon,False
Jitter,https://github.com/sharpcdf/jitter,False
Transgression TUI,https://github.com/PanAeon/transg-tui,False
pdf-diff,https://github.com/serhack/pdf-diff,False
kakikun,https://github.com/file-acomplaint/kakikun,False
Aewan,https://sourceforge.net/projects/aewan/,False
jp2a,https://sourceforge.net/projects/jp2a/,False
LinuxLogo,https://sourceforge.net/projects/linuxlogo/,False
pv,https://github.com/a-j-wood/pv,False
TStream,https://github.com/qnkhuat/tstream,False
tsk,https://github.com/kakengloh/tsk,False
The Logfile Navigator,https://github.com/tstack/lnav,False
gojq,https://github.com/itchyny/gojq,False
pt.sh,https://github.com/alexeytal/pt.sh,False
Zellij,https://github.com/zellij-org/zellij,False
xit,https://github.com/jotaen/xit,False
uacme,https://github.com/ndilieto/uacme,False
Tizonia,https://github.com/tizonia/tizonia-openmax-il,False
Tera,https://github.com/shinokada/tera,False
sssnake,https://github.com/AngelJumbo/sssnake,False
Devbox,https://github.com/jetpack-io/devbox,False
gh-stars,https://github.com/aymanbagabas/gh-stars,False
asuka,https://git.sr.ht/~julienxx/asuka,False
Gremlin,https://github.com/actuday6418/gremlin,False
min,https://github.com/a-h/min,False
Telescope,https://github.com/omar-polo/telescope,False
gplaces,https://github.com/dimkr/gplaces,False
Romulus,https://github.com/LukeEmmet/Romulus,False
pymailgen,https://github.com/toolleeo/pymailgen,False
FAWOC,https://github.com/robolab-pavia/fawoc,False
slr-kit,https://github.com/robolab-pavia/slr-kit,False
Helix,https://github.com/helix-editor/helix,False
o,https://github.com/xyproto/o,False
Pokete,https://github.com/lxgr-linux/pokete,False
czg,https://github.com/Zhengqbbb/cz-git,False
portal,https://github.com/SpatiumPortae/portal,False
pokeget,https://github.com/talwat/pokeget,False
tiptop,https://github.com/nschloe/tiptop,False
iola,https://github.com/pvarentsov/iola,False
lowcharts,https://github.com/juan-leon/lowcharts,False
nb,https://github.com/xwmx/nb,False
ots,https://github.com/sniptt-official/ots,False
rare,https://github.com/zix99/rare,False
Awesome CLI,https://github.com/umutphp/awesome-cli,False
ora,https://github.com/sindresorhus/ora,False
hyperfine,https://github.com/sharkdp/hyperfine,False
Bitwarden CLI,https://github.com/bitwarden/cli,False
choose,https://github.com/jagprog5/choose,False
invidtui,https://github.com/darkhz/invidtui,False
redive,https://github.com/neelkarma/redive,False
Cloudcash,https://github.com/mrusme/cloudcash,False
bluetuith,https://github.com/darkhz/bluetuith,False
Brash,https://github.com/zakariagatter/brash,False
torrentCLI,https://github.com/amogusussy/torrentCLI,False
Spaceship,https://github.com/spaceship-prompt/spaceship-prompt,False
cloc,https://github.com/AlDanial/cloc,False
Tokei,https://github.com/XAMPPRocky/tokei,False
scc,https://github.com/boyter/scc,False
Cppcheck,https://github.com/danmar/cppcheck/,False
Frama-C,https://git.frama-c.com/pub/frama-c/,False
terdle,https://github.com/neelkarma/terdle,False
MusicPlayerPlus,https://github.com/doctorfree/MusicPlayerPlus,False
ContainerSSH,https://github.com/ContainerSSH/ContainerSSH,False
Limoji,https://github.com/GEROGIANNIS/Limoji,False
Minesweeper Game,https://github.com/omerkarabacak/minesweeper,False
Tilde,https://github.com/gphalkes/tilde,False
spotify-player,https://github.com/aome510/spotify-player,False
git-remote-aws,https://github.com/nathants/git-remote-aws,False
Stig,https://github.com/rndusr/stig,False
ancv,https://github.com/alexpovel/ancv,False
lf,https://github.com/gokcehan/lf,False
welcome.sh,https://github.com/G2-Games/welcome.sh,False
flash-tui,https://github.com/TBS1996/flash-tui,False
jqp,https://github.com/noahgorstein/jqp,False
systeroid,https://github.com/orhun/systeroid,False
hangman,https://github.com/braheezy/hangman,False
CLI-Dictionary,https://github.com/Lodobo/CLI-Dictionary,False
Feather,https://github.com/0xBaca/FeatherEditor,False
swordfish-rs,https://github.com/vim-zz/swordfish-rs,False
GitUI,https://github.com/extrawurst/gitui,False
as-tree,https://github.com/jez/as-tree,False
mkdesk,https://gitlab.com/mr-draxs/mkdesk,False
t,https://github.com/sjl/t,False
topydo,https://github.com/topydo/topydo,False
Ultralist,https://github.com/ultralist/ultralist,False
devtodo,https://github.com/droundy/goopt,False
cream,https://git.z3bra.org/cream/files.html,False
remint,https://sr.ht/~mlaparie/remint/,False
tmpmail,https://github.com/sdushantha/tmpmail,False
meli,https://git.meli.delivery/meli/meli,False
Flapioca,https://github.com/kbrgl/flapioca,False
kboard,https://github.com/CamiloGarciaLaRotta/kboard,False
mandelbrot-cli,https://github.com/MicheleFiladelfia/mandelbrot-cli,False
Noted,https://github.com/torbratsberg/noted,False
Wishlist,https://github.com/charmbracelet/wishlist,False
termdbms,https://github.com/mathaou/termdbms,False
Slides,https://github.com/maaslalani/slides,False
tz,https://github.com/oz/tz,False
tran,https://github.com/abdfnx/tran,False
Redis Viewer,https://github.com/SaltFishPr/redis-viewer,False
csvtk,https://github.com/shenwei356/csvtk/,False
ehh,https://github.com/lennardv2/ehh,False
Lakshmi,https://github.com/sarvjeets/lakshmi,False
pypi-command-line,https://github.com/wasi-master/pypi-command-line,False
Minisign,https://github.com/jedisct1/minisign,False
gitsummary,https://github.com/glenreesor/gitsummary,False
cotp,https://github.com/replydev/cotp,False
topalias,https://github.com/CSRedRat/topalias,False
Kool,https://github.com/kool-dev/kool,False
Optic,https://github.com/opticdev/optic,False
speki,https://github.com/tbs1996/speki,False
sake,https://github.com/alajmo/sake,False
shcopy,https://github.com/aymanbagabas/shcopy,False
passfzf,https://git.sr.ht/~mlaparie/passfzf,False
Nextcloud share URL downloader,https://github.com/aertslab/nextcloud_share_url_downloader,False
pcopy,https://github.com/binwiederhier/pcopy,False
GoCatGo,https://github.com/vaaleyard/gocatgo,False
NestedTextTo,https://github.com/AndydeCleyre/nestedtextto,False
matrix-webcam,https://github.com/joschuck/matrix-webcam,False
mprocs,https://github.com/pvolok/mprocs,False
procmux,https://github.com/napisani/procmux,False
sharing,https://github.com/parvardegr/sharing,False
mazter,https://github.com/Canop/mazter,False
Tempren,https://github.com/idle-code/tempren,False
rcz,https://github.com/Cassin01/rcz,False
git-cz,https://github.com/streamich/git-cz,False
jot,https://github.com/araekiel/jot,False
ROAPI,https://github.com/roapi/roapi,False
git-secret,https://github.com/sobolevn/git-secret,False
gita,https://github.com/nosarthur/gita,False
anonymine,https://gitlab.com/oskog97/anonymine/,False
greed,https://gitlab.com/esr/greed,False
Mxflow-cli,https://github.com/metaory/mxflow-cli,False
vhs,https://github.com/charmbracelet/vhs,False
checksum.sh,https://github.com/gavinuhma/checksum.sh,False
crudini,https://github.com/pixelb/crudini,False
GTT - Google Translate TUI,https://github.com/eeeXun/GTT,False
Image Steganography Tool,https://github.com/7thSamurai/steganography,False
bbl,https://github.com/nehemiaharchives/bbl,False
gof-rs,https://github.com/omagdy7/gof-rs,False
MyTimer,https://github.com/sepandhaghighi/mytimer,False
No More Secrets,https://github.com/bartobri/no-more-secrets,False
asdf,https://github.com/asdf-vm/asdf,False
Cat9,https://github.com/letoram/cat9,False
speedread,https://github.com/pasky/speedread,False
pockyt,https://github.com/arvindch/pockyt,False
Newsboat,https://github.com/newsboat/newsboat,False
medium-cli,https://github.com/djadmin/medium-cli,False
bible,https://github.com/BibleJS/BibleApp,False
moviemon,https://github.com/iCHAIT/moviemon,False
legit,https://github.com/captainsafia/legit,False
oji,https://github.com/xxczaki/oji,False
hget,https://github.com/bevacqua/hget,False
alex,https://github.com/wooorm/alex,False
HASHA CLI,https://github.com/sindresorhus/hasha-cli,False
gzip-size-cli,https://github.com/sindresorhus/gzip-size-cli,False
kill-tabs,https://github.com/sindresorhus/kill-tabs,False
leven-cli,https://github.com/sindresorhus/leven-cli,False
to-single-quotes,https://github.com/sindresorhus/to-single-quotes-cli,False
to-double-quotes,https://github.com/sindresorhus/to-double-quotes-cli,False
detect-indent-cli,https://github.com/sindresorhus/detect-indent-cli,False
fullname-cli,https://github.com/sindresorhus/fullname-cli,False
gifgen,https://github.com/lukechilds/gifgen,False
gifsicle,https://github.com/kohler/gifsicle,False
SnowFS,https://github.com/snowtrack/snowfs,False
readme-md-generator,https://github.com/kefranabg/readme-md-generator,False
StegCloak,https://github.com/kurolabs/stegcloak,False
fff,https://github.com/dylanaraps/fff,False
mosh,https://github.com/mobile-shell/mosh,False
vdirsyncer,https://github.com/pimutils/vdirsyncer,False
moeda,https://github.com/thompsonemerson/moeda,False
crawley,https://github.com/s0rg/crawley,False
mdlt,https://github.com/metadelta/mdlt,False
serve,https://github.com/zeit/serve,False
mklicense,https://github.com/cezaraugusto/mklicense,False
surge,https://github.com/sintaxi/surge,False
s3cmd,https://github.com/s3tools/s3cmd,False
flog,https://github.com/mingrammer/flog,False
PingMe,https://github.com/kha7iq/pingme,False
release-it,https://github.com/webpro/release-it,False
clog,https://github.com/clog-tool/clog-cli,False
Cookiecutter,https://github.com/audreyr/cookiecutter,False
kirc,https://github.com/mcpcpc/kirc,False
cgasm,https://github.com/bnagy/cgasm,False
is-up-cli,https://github.com/sindresorhus/is-up-cli,False
pageres-cli,https://github.com/sindresorhus/pageres-cli,False
deviceframe,https://github.com/c0bra/deviceframe,False
add-gitignore,https://github.com/TejasQ/add-gitignore,False
Timetrap,https://github.com/samg/timetrap,False
Timewarrior,https://github.com/GothenburgBitFactory/timewarrior,False
MapSCII,https://github.com/rastapasta/mapscii,False
idea,https://github.com/IonicaBizau/idea,False
td-cli,https://github.com/darrikonn/td-cli,False
utt,https://github.com/larose/utt,False
active-win-cli,https://github.com/sindresorhus/active-win-cli,False
boilr,https://github.com/tmrts/boilr,False
DocToc,https://github.com/thlorenz/doctoc,False
xiringuito,https://github.com/ivanilves/xiringuito,False
acmetool,https://github.com/hlandau/acme,False
weather-cli,https://github.com/riyadhalnur/weather-cli,False
howdoi,https://github.com/gleitz/howdoi,False
The Fuck,https://github.com/nvbn/thefuck,False
tldr,https://github.com/tldr-pages/tldr,False
ramda-cli,https://github.com/raine/ramda-cli,False
jp,https://github.com/therealklanni/jp,False
vj,https://github.com/busyloop/vj,False
rename-cli,https://github.com/jhotmann/node-rename-cli,False
diskonaut,https://github.com/imsnif/diskonaut,False
unix-permissions,https://github.com/ehmicky/unix-permissions,False
entr,https://github.com/eradman/entr,False
organize-cli,https://github.com/ManrajGrover/organize-cli,False
tre,https://github.com/dduan/tre,False
autojump,https://github.com/wting/autojump,False
pm,https://github.com/Angelmmiguel/pm,False
git commander,https://github.com/golbin/git-commander,False
gitlab-cli,https://github.com/vishwanatharondekar/gitlab-cli,False
semantic-git-commit-cli,https://github.com/JPeer264/node-semantic-git-commit-cli,False
git-all-branches,https://github.com/zacanger/git-all-branches,False
SVGO,https://github.com/svg/svgo,False
Korkut,https://github.com/oguzhaninan/korkut,False
pipes.sh,https://github.com/pipeseroni/pipes.sh,False
Bitwise,https://github.com/mellowcandle/bitwise,False
rebound,https://github.com/shobrook/rebound,False
ffscreencast,https://github.com/cytopia/ffscreencast,False
Moro,https://github.com/omidfi/moro,False
Grip,https://github.com/joeyespo/grip,False
z,https://github.com/rupa/z,False
z.lua,https://github.com/skywind3000/z.lua,False
fz,https://github.com/changyuheng/fz,False
happyfinder,https://github.com/hugows/hf,False
Awesome Finder,https://github.com/mingrammer/awesome-finder,False
Seashells,https://github.com/anishathalye/seashells,False
movie,https://github.com/mayankchd/movie,False
diff2html-cli,https://github.com/rtfpessoa/diff2html-cli,False
HTTPie,https://github.com/jkbrzt/httpie,False
Discharge,https://github.com/brandonweiss/discharge,False
Reachable,https://github.com/italolelis/reachable,False
cash-cli,https://github.com/xxczaki/cash-cli,False
DeckTape,https://github.com/astefanutti/decktape,False
ipfs-deploy,https://github.com/agentofuser/ipfs-deploy,False
doing,https://github.com/ttscoff/doing/,False
underscore-cli,https://github.com/ddopson/underscore-cli,False
Chokidar CLI,https://github.com/open-cli-tools/chokidar-cli,False
ffsend,https://github.com/timvisee/ffsend,False
GROQ,https://github.com/sanity-io/groq-cli,False
Wat,https://github.com/dthree/wat,False
cambd-cli,https://github.com/rocktimsaikia/cambd-cli,False
zeitkatze,https://github.com/leonmavr/zeitkatze,False
Words,https://github.com/ludovicianul/words,False
Go-L,https://github.com/Jeadie/Go-L,False
ttyscheme,https://github.com/kolunmi/ttyscheme,False
tweets,https://github.com/diracdeltas/tweets,False
hiSHtory,https://github.com/ddworken/hishtory,False
habitmap,https://github.com/shuu-wasseo/habitmap,False
sauce,https://github.com/cadecuddy/sauce,False
Soul,https://github.com/thevahidal/soul,False
hardv,https://github.com/dongyx/hardv,False
zfxtop,https://github.com/ssleert/zfxtop,False
Binary Clock,https://github.com/tom-on-the-internet/binary-clock,False
cli-tools-info,https://github.com/Lilja/cli-info,False
Nap,https://github.com/maaslalani/nap,False
ttchat,https://github.com/atye/ttchat,False
teetail,https://github.com/sl236/teetail,False
starfetch,https://github.com/Haruno19/starfetch,False
xpe,https://github.com/charmparticle/xpe,False
fmake,https://github.com/bharatvaj/fmake,False
caldr,https://github.com/mrusme/caldr,False
MUC,https://github.com/nate-sys/muc,False
pup,https://github.com/ericchiang/pup,False
peroutine,https://github.com/UlyssesZh/peroutine,False
sshto,https://github.com/vaniacer/sshto,False
PaperAge,https://github.com/matiaskorhonen/paper-age,False
Autocomplete,https://github.com/withfig/autocomplete,False
Clipboard,https://github.com/Slackadays/Clipboard,False
chatgpt,https://github.com/mglantz/chatgpt,False
Calcure,https://github.com/anufrievroman/calcure,False
Canto Curses,https://github.com/themoken/canto-curses,False
rReader,https://github.com/rainygirl/rreader,False
rss-cli,https://github.com/Clortox/rss-cli,False
pgen,https://github.com/ctsrc/Pgen,False
keydex,https://github.com/shikaan/keydex,False
Keep,https://github.com/keephq/keep,False
lotc,https://github.com/ranelpadon/lord-of-the-clips/,False
cTune,https://github.com/An7ar35/ctune,False
enc,https://github.com/life4/enc,False
NoteSH,https://github.com/Cvaniak/NoteSH,False
ata,https://github.com/rikhuijzer/ata,False
erdtree,https://github.com/solidiquis/erdtree,False
Solitaire TUI,https://github.com/brianstrauch/solitaire-tui,False
Programmer calculator,https://github.com/alt-romes/programmer-calculator,False
Musort,https://github.com/tdeerenberg/Musort,False
Russhian Roulette,https://github.com/cyradotpink/russhian-roulette,False
pyjokes,https://github.com/pyjokes/pyjokes,False
Pswd,https://github.com/Mandrew0822/pswd,False
PyRadio,https://github.com/coderholic/pyradio,False
cosh,https://github.com/tomhrr/cosh,False
sysm,https://github.com/jafarlihi/sysm,False
Mercator,https://github.com/mrusme/mercator,False
peaches,https://github.com/KCaverly/peaches,False
Maze Solver,https://github.com/Vlamonster/maze_solver_rust,False
Miller,https://github.com/johnkerl/miller,False
datasetGPT,https://github.com/radi-cho/datasetGPT,False
nvitop,https://github.com/XuehaiPan/nvitop,False
guesswidth,https://github.com/noborus/guesswidth,False
mdt,https://github.com/basilioss/mdt,False
pickaxe,https://github.com/mdom/pickaxe,False
Python re(gex)? exercises,https://github.com/learnbyexample/TUI-apps/tree/main/PyRegexExercises,False
Himalaya,https://github.com/soywod/himalaya,False
Dooit,https://github.com/kraanzu/dooit,False
Commandpilot,https://github.com/barthr/commandpilot,False
AI,https://github.com/nitefood/ai-bash-gpt,False
feroxbuster,https://github.com/epi052/feroxbuster,False
ugrep,https://github.com/Genivia/ugrep,False
BadaBoomBooks,https://github.com/WirlyWirly/BadaBoomBooks,False
py_flashcards,https://github.com/M4THYOU/py_flashcards,False
moove,https://github.com/urin/moove,False
Reptyl,https://github.com/0ut0flin3/Reptyl,False
Tunnelmole,https://github.com/robbie-cahill/tunnelmole-client,False
shmenu,https://github.com/duclos-cavalcanti/shmenu,False
Fastfetch,https://github.com/LinusDierheimer/fastfetch,False
pa,https://github.com/biox/pa,False
nom,https://github.com/guyfedwards/nom,False
VE,,False
just,https://github.com/casey/just,False
TUIFI Manager,https://github.com/GiorgosXou/TUIFIManager,False
ttop,https://github.com/inv2004/ttop,False
Yark,https://github.com/Owez/yark,False
ttyd,https://github.com/tsl0922/ttyd,False
mmv-c,https://github.com/mcauley-penney/mmv-c,False
avail,https://github.com/mufeez-amjad/avail,False
thread-safe,https://github.com/dkaslovsky/thread-safe,False
hflow,https://github.com/comradequinn/hflow,False
Clipsync,https://github.com/marcopaganini/clipsync,False
pbproxy,https://github.com/nikvdp/pbproxy,False
LundukeHoliday,https://github.com/BryanLunduke/LundukeHoliday,False
git-cliff,https://github.com/orhun/git-cliff,False
gpt-do,https://github.com/yasyf/gpt-do,False
aido-cli,https://github.com/kris7ian/aido-cli,False
rmw,https://github.com/theimpossibleastronaut/rmw/,False
cligpt,https://github.com/paij0se/cligpt,False
VocabCLI,https://github.com/HighnessAtharva/VocabCLI,False
Textual Markdown Browser,https://github.com/willmcgugan/textual-markdown,False
rclone-tui,https://github.com/darkhz/rclone-tui,False
mpvc,https://github.com/gmt4/mpvc/,False
ctree,https://github.com/gleich/ctree,False
ramfetch,https://codeberg.org/o69mar/ramfetch,False
mat2,https://0xacab.org/jvoisin/mat2,False
Dext,https://github.com/AfzGit/dext,False
upnup,https://github.com/tomit4/upnup,False
kabmat,https://github.com/PlankCipher/kabmat,False
OAuth2c,https://github.com/cloudentity/oauth2c,False
D2,https://github.com/terrastruct/d2,False
feuille,https://basedwa.re/tmtt/feuille,False
